,imdb,engagement,monster_gender,motive
3,7.8,426.0,Male,Natural Resource
4,7.5,391.0,Female,Competition
5,8.4,384.0,Male,Extortion
6,7.6,358.0,Male,Competition
7,8.2,358.0,Male,Safety
8,8.1,371.0,Male,Counterfeit
9,8.0,346.0,Male,Competition
10,8.5,379.0,Male,Treasure
11,8.2,358.0,Male,Theft
12,8.4,356.0,Female,Theft
13,8.1,331.0,Male,Theft
14,8.4,372.0,Male,Competition
15,8.7,403.0,Male,Inheritance
16,8.0,328.0,Male,Theft
17,8.3,322.0,Male,Theft
18,7.8,312.0,Male,Smuggling
19,7.7,301.0,Male,Theft
20,8.5,347.0,Male,Theft
21,8.4,303.0,Male,Treasure
22,7.9,292.0,Female,Theft
23,8.2,292.0,Male,Smuggling
24,7.9,282.0,Male,Theft
25,6.9,138.0,Male,Natural Resource
26,7.8,232.0,Male,Counterfeit
27,7.9,119.0,Female,Safety
28,7.9,116.0,Male,Treasure
29,7.9,111.0,Male,Inheritance
30,7.7,88.0,Male,Theft
31,7.8,90.0,Male,Preservation
32,8.5,109.0,Male,Treasure
33,7.7,96.0,Female,Theft
34,8.3,118.0,Male,Theft
35,7.6,86.0,Male,Competition
36,7.4,90.0,Male,Natural Resource
37,7.8,86.0,Male,Competition
38,7.6,81.0,Male,Theft
39,7.2,183.0,Male,Theft
40,7.9,114.0,Male,Treasure
41,7.4,103.0,Male,Competition
42,7.9,82.0,Male,Counterfeit
43,7.5,82.0,Male,Competition
44,7.4,73.0,Male,Competition
45,7.6,85.0,Male,Competition
46,7.3,91.0,Male,Competition
47,7.8,104.0,Male,Smuggling
48,7.6,92.0,Male,Competition
49,7.6,112.0,Female,Theft
50,7.2,12.0,Male,Theft
51,7.4,97.0,Male,Treasure
52,7.5,95.0,Male,Competition
53,8.0,101.0,Male,Competition
54,8.0,127.0,Male,Theft
55,7.6,93.0,Male,Theft
56,8.2,99.0,Male,Smuggling
57,7.7,91.0,Male,Theft
58,7.0,81.0,Female,Extortion
59,7.4,84.0,Male,Theft
60,6.3,7.0,Male,Theft
61,6.8,84.0,Male,Theft
62,7.2,80.0,Male,Smuggling
63,7.3,77.0,Male,Treasure
64,6.8,75.0,Male,Competition
65,7.7,84.0,Male,Theft
66,7.5,81.0,Male,Counterfeit
67,7.4,71.0,Male,Natural Resource
68,8.2,104.0,Male,Competition
69,7.4,76.0,Male,Theft
70,7.9,77.0,Male,Competition
71,7.4,75.0,Male,Theft
72,8.1,78.0,Female,Smuggling
73,7.7,78.0,Male,Theft
74,7.4,71.0,Male,Smuggling
75,7.5,96.0,Male,Smuggling
76,7.3,101.0,Male,Theft
77,7.1,98.0,Male,Natural Resource
78,8.0,107.0,Female,Inheritance
79,7.6,92.0,Male,Treasure
80,7.7,90.0,Female,Smuggling
81,7.7,80.0,Male,Smuggling
82,7.2,91.0,Male,Natural Resource
83,8.0,88.0,Male,Theft
84,7.5,80.0,Male,Natural Resource
85,7.5,84.0,Male,Smuggling
86,7.5,85.0,Male,Theft
87,7.5,92.0,Male,Treasure
88,7.2,83.0,Male,Treasure
89,6.8,84.0,Male,Competition
90,7.1,84.0,Male,Smuggling
91,7.6,67.0,Male,Competition
92,7.6,59.0,Male,Theft
93,7.6,54.0,Male,Smuggling
94,7.4,55.0,Male,Competition
95,7.5,51.0,Male,Smuggling
96,7.4,51.0,Male,Natural Resource
97,7.5,51.0,Male,Theft
98,7.3,53.0,Male,Treasure
99,7.6,47.0,Male,Treasure
100,8.0,52.0,Female,Theft
101,7.2,48.0,Male,Theft
102,7.7,52.0,Male,Theft
103,7.5,48.0,Male,Treasure
104,7.3,47.0,Male,Theft
105,7.5,46.0,Male,Treasure
106,7.2,45.0,Male,Theft
107,6.9,36.0,Male,Treasure
108,8.0,47.0,Male,Theft
109,7.3,68.0,Male,Counterfeit
110,7.5,58.0,Male,Theft
111,8.0,55.0,Male,Theft
112,7.5,61.0,Male,Competition
113,7.4,44.0,Male,Competition
114,7.6,50.0,Male,Theft
115,7.8,44.0,Male,Natural Resource
116,7.7,47.0,Male,Theft
117,7.0,47.0,Male,Smuggling
118,7.5,53.0,Male,Competition
119,6.9,46.0,Male,Competition
120,7.2,44.0,Male,Theft
121,7.5,45.0,Male,Theft
122,7.7,43.0,Male,Theft
123,7.7,43.0,Male,Theft
124,7.8,43.0,Male,Theft
125,7.5,38.0,Male,Smuggling
126,7.6,42.0,Male,Competition
127,7.7,40.0,Male,Competition
128,7.8,38.0,Male,Competition
129,7.1,37.0,Male,Assistance
130,7.1,37.0,Male,Competition
131,6.9,35.0,Male,Competition
132,7.2,38.0,Male,Competition
133,7.2,40.0,Male,Treasure
134,6.6,37.0,Female,Theft
135,7.2,32.0,Male,Competition
136,8.4,148.0,Male,Trespassing
137,7.4,390.0,Male,Entertainment
140,7.2,256.0,Male,Competition
142,8.1,133.0,Male,Competition
143,7.5,176.0,Male,Competition
144,7.4,150.0,Male,Natural Resource
145,7.6,151.0,Male,Competition
146,7.7,142.0,Male,Competition
147,7.6,144.0,Female,Competition
148,7.5,125.0,Male,Competition
149,7.7,133.0,Male,Competition
150,7.1,130.0,Male,Smuggling
151,7.1,122.0,Female,Preservation
152,7.5,137.0,Male,Treasure
153,7.7,122.0,Female,Treasure
154,7.5,115.0,Male,Competition
155,7.1,110.0,Male,Competition
157,7.3,110.0,Male,Competition
158,7.2,112.0,Male,Competition
159,7.6,102.0,Female,Competition
160,7.4,104.0,Male,Competition
162,7.4,105.0,Male,Competition
163,7.6,129.0,Male,Competition
164,7.2,97.0,Male,Competition
165,7.3,103.0,Male,Competition
166,7.5,113.0,Male,Competition
167,7.5,109.0,Male,Competition
168,7.5,94.0,Male,Treasure
169,7.4,99.0,Male,Preservation
170,7.2,96.0,Male,Preservation
172,7.4,91.0,Male,Treasure
174,8.0,128.0,Male,Competition
175,7.2,102.0,Male,Competition
177,7.5,97.0,Female,Competition
178,7.4,90.0,Male,Competition
179,7.5,89.0,Male,Competition
180,7.3,101.0,Male,Competition
181,7.0,96.0,Male,Theft
182,7.6,105.0,Male,Competition
183,7.4,88.0,Male,Competition
184,7.3,87.0,Male,Competition
185,7.4,84.0,Male,Competition
186,7.5,92.0,Male,Competition
193,7.9,337.0,Male,Theft
194,7.8,304.0,Female,Counterfeit
195,7.7,267.0,Male,Theft
196,7.7,255.0,Male,Competition
197,8.0,254.0,Male,Competition
198,8.5,263.0,Female,Competition
199,8.2,256.0,Male,Competition
200,7.8,229.0,Male,Competition
201,7.6,221.0,Male,Competition
203,8.2,235.0,Male,Competition
204,8.1,225.0,Female,Theft
205,8.4,246.0,Male,Competition
206,8.0,224.0,Male,Preservation
207,8.2,254.0,Male,Imagination
208,7.7,221.0,Male,Competition
209,8.2,228.0,Female,Competition
210,8.2,211.0,Male,Theft
211,8.5,227.0,Male,Competition
212,8.1,203.0,Male,Natural Resource
213,8.2,212.0,Male,Competition
214,8.1,196.0,Male,Competition
215,8.6,211.0,Male,Theft
216,8.2,194.0,Male,Competition
217,8.8,212.0,Female,Theft
221,6.9,195.0,Male,Competition
222,7.9,187.0,Female,Smuggling
223,8.4,197.0,Male,Abduction
224,8.2,192.0,Male,Competition
225,8.4,188.0,Male,Theft
226,7.7,177.0,Male,Competition
227,8.2,172.0,Male,Natural Resource
228,8.3,183.0,Female,Treasure
229,8.3,176.0,Male,Competition
231,8.7,187.0,Female,Theft
232,8.2,169.0,Male,Preservation
233,8.9,207.0,Male,Theft
234,7.6,174.0,Male,Theft
235,8.6,180.0,Male,Theft
237,7.0,392.0,Male,Competition
239,8.0,172.0,Female,Theft
240,8.3,167.0,Female,Theft
241,8.0,180.0,Male,Competition
242,7.8,166.0,Male,Competition
243,8.3,171.0,Male,Competition
244,8.9,176.0,Female,Theft
245,8.9,187.0,Male,Preservation
246,8.4,165.0,Female,Competition
247,8.7,169.0,Male,Treasure
250,7.3,403.0,Male,Theft
251,6.5,242.0,Male,Competition
253,6.6,216.0,Male,Theft
256,7.1,188.0,Male,Theft
258,7.9,122.0,Male,Competition
259,7.2,102.0,Male,Treasure
260,7.4,101.0,Male,Treasure
261,7.3,85.0,Male,Competition
262,7.3,78.0,Male,Competition
263,7.6,80.0,Male,Theft
264,7.5,84.0,Male,Competition
265,8.2,88.0,Male,Theft
266,7.4,72.0,Female,Competition
267,7.5,75.0,Male,Competition
268,7.5,72.0,Male,Competition
269,7.4,71.0,Male,Competition
270,7.5,81.0,Male,Inheritance
271,6.6,288.0,Male,Treasure
272,7.4,75.0,Male,Theft
273,7.7,72.0,Male,Theft
274,7.8,66.0,Male,Competition
275,7.9,67.0,Male,Competition
276,8.2,67.0,Male,Theft
277,7.5,63.0,Male,Preservation
279,7.4,58.0,Male,Competition
280,7.4,54.0,Male,Natural Resource
283,7.2,58.0,Female,Competition
284,7.6,52.0,Male,Treasure
285,7.2,50.0,Male,Competition
286,7.3,48.0,Male,Natural Resource
287,7.7,50.0,Male,Theft
289,8.2,53.0,Male,Competition
290,7.5,40.0,Male,Theft
291,7.4,40.0,Male,Competition
292,7.6,42.0,Male,Theft
293,7.1,38.0,Male,Competition
294,7.5,42.0,Female,Theft
295,7.4,43.0,Female,Competition
296,7.5,39.0,Male,Competition
297,6.6,40.0,Male,Competition
298,7.7,47.0,Female,Theft
299,8.0,44.0,Male,Natural Resource
300,7.9,50.0,Female,Competition
301,7.4,38.0,Male,Competition
302,7.2,35.0,Male,Competition
303,6.7,35.0,Female,Competition
305,7.1,41.0,Male,Competition
306,7.2,31.0,Male,Competition
307,7.4,36.0,Female,Competition
308,7.4,38.0,Male,Theft
309,7.3,39.0,Male,Competition
310,6.9,37.0,Male,Theft
311,6.7,33.0,Male,Competition
312,6.9,33.0,Male,Theft
313,7.9,36.0,Male,Competition
314,6.8,31.0,Male,Competition
315,6.8,31.0,Male,Treasure
319,7.0,126.0,Male,Competition
320,7.9,93.0,Male,Treasure
321,7.9,79.0,Male,Competition
322,8.1,78.0,Male,Theft
324,7.3,84.0,Male,Theft
325,8.1,74.0,Male,Treasure
326,8.3,70.0,Male,Entertainment
327,6.5,74.0,Male,Natural Resource
328,7.5,52.0,Male,Competition
329,7.5,61.0,Male,Natural Resource
330,7.4,59.0,Female,Theft
331,7.4,47.0,Male,Competition
332,8.7,84.0,Male,Theft
333,8.1,38.0,Male,Inheritance
334,8.8,35.0,Male,Theft
335,7.9,36.0,Female,Competition
336,8.1,25.0,Male,Inheritance
337,7.8,27.0,Male,Treasure
338,7.7,23.0,Male,Competition
339,8.2,28.0,Male,Competition
340,7.6,22.0,Female,Competition
341,8.6,19.0,Female,Theft
342,7.9,21.0,Male,Simulation
343,8.4,25.0,Female,Competition
344,7.6,27.0,Male,Competition
345,8.2,24.0,Male,Theft
347,6.2,422.0,Female,Competition
